date,value
2005-05-30,3093
2005-06-06,2821
2005-06-13,2543
2005-06-20,2617
2005-06-27,2486
2005-07-04,2365
2005-07-11,2307
2005-07-18,2054
2005-07-25,1804
2005-08-01,1819
2005-08-08,2125
2005-08-15,2478
2005-08-22,2625
2005-08-29,2479
2005-09-05,2626
2005-09-12,2949
2005-09-19,3069
2005-09-26,2907
2005-10-03,3098
2005-10-10,3370
2005-10-17,3130
2005-10-24,3140
2005-10-31,2967
2005-11-07,3033
2005-11-14,2898
2005-11-21,2757
2005-11-28,2767
2005-12-05,2639
2005-12-12,2536
2005-12-19,2407
2006-01-02,2497
2006-01-09,2341
2006-01-16,2121
2006-01-23,2057
2006-01-30,2145
2006-02-06,2297
2006-02-13,2740
2006-02-20,2622
2006-02-27,2682
2006-03-06,2704
2006-03-13,2502
2006-03-20,2565
2006-03-27,2496
2006-04-03,2514
2006-04-10,2503
2006-04-17,2434
2006-04-24,2368
2006-05-01,2383
2006-05-08,2491
2006-05-15,2479
2006-05-22,2432
2006-05-29,2514
2006-06-05,2653
2006-06-12,2725
2006-06-19,2808
2006-06-26,2964
2006-07-03,2870
2006-07-10,2968
2006-07-17,3191
2006-07-24,3260
2006-07-31,3617
2006-08-07,3714
2006-08-14,3755
2006-08-21,3690
2006-08-28,3875
2006-09-04,3914
2006-09-11,4258
2006-09-18,4136
2006-09-25,3944
2006-10-02,3964
2006-10-09,4169
2006-10-16,4017
2006-10-23,3982
2006-10-30,4188
2006-11-06,4210
2006-11-13,4129
2006-11-20,4185
2006-11-27,4369
2006-12-04,4294
2006-12-11,4318
2006-12-18,4397
2007-01-01,4539
2007-01-08,4642
2007-01-15,4362
2007-01-22,4367
2007-01-29,4243
2007-02-05,4328
2007-02-12,4355
2007-02-19,4545
2007-02-26,4872
2007-03-05,5000
2007-03-12,5086
2007-03-19,5330
2007-03-26,5388
2007-04-02,5532
2007-04-09,5553
2007-04-16,5850
2007-04-23,6230
2007-04-30,6321
2007-05-07,6648
2007-05-14,6554
2007-05-21,6212
2007-05-28,5983
2007-06-04,5736
2007-06-11,5258
2007-06-18,5922
2007-06-25,6278
2007-07-02,6201
2007-07-09,6706
2007-07-16,6601
2007-07-23,6890
2007-07-30,7007
2007-08-06,7011
2007-08-13,7313
2007-08-20,7277
2007-08-27,7702
2007-09-03,8410
2007-09-10,8302
2007-09-17,8956
2007-09-24,9474
2007-10-01,9535
2007-10-08,10695
2007-10-15,10798
2007-10-22,11025
2007-10-29,10548
2007-11-05,10867
2007-11-12,10870
2007-11-19,10148
2007-11-26,10210
2007-12-03,10068
2007-12-10,9918
2007-12-17,9236
2007-12-24,9143
2007-12-31,8702
2008-01-07,7949
2008-01-14,6462
2008-01-21,5780
2008-01-28,6134
2008-02-04,6353
2008-02-11,7355
2008-02-18,7187
2008-02-25,7613
2008-03-03,8536
2008-03-10,7972
2008-03-17,7684
2008-03-24,8069
2008-03-31,7737
2008-04-07,7889
2008-04-14,8203
2008-04-21,9329
2008-04-28,9581
2008-05-05,10237
2008-05-12,11459
2008-05-19,11465
2008-05-26,11440
2008-06-02,11612
2008-06-09,9646
2008-06-16,9428
2008-06-23,9599
2008-06-30,8854
2008-07-07,9230
2008-07-14,9012
2008-07-21,8637
2008-07-28,8280
2008-08-04,7201
2008-08-11,7557
2008-08-18,7147
2008-08-25,6809
2008-09-01,5663
2008-09-08,4800
2008-09-15,4975
2008-09-22,3746
2008-09-29,3002
2008-10-06,2221
2008-10-13,1438
2008-10-20,1102
2008-10-27,851
2008-11-03,829
2008-11-10,841
2008-11-17,836
2008-11-24,715
2008-12-01,663
2008-12-08,764
2008-12-15,818
2008-12-22,774
2008-12-29,773
2009-01-05,872
2009-01-12,881
2009-01-19,980
2009-01-26,1070
2009-02-02,1642
2009-02-09,1908
2009-02-16,2099
2009-02-23,1986
2009-03-02,2225
2009-03-09,2122
2009-03-16,1782
2009-03-23,1678
2009-03-30,1506
2009-04-06,1478
2009-04-13,1682
2009-04-20,1873
2009-04-27,1806
2009-05-04,2214
2009-05-11,2544
2009-05-18,2786
2009-05-25,3494
2009-06-01,3809
2009-06-08,3583
2009-06-15,4070
2009-06-22,3703
2009-06-29,3520
2009-07-06,2985
2009-07-13,3542
2009-07-20,3345
2009-07-27,3350
2009-08-03,2772
2009-08-10,2752
2009-08-17,2468
2009-08-24,2421
2009-08-31,2415
2009-09-07,2468
2009-09-14,2356
2009-09-21,2183
2009-09-28,2357
2009-10-05,2695
2009-10-12,2728
2009-10-19,3043
2009-10-26,3103
2009-11-02,3393
2009-11-09,4111
2009-11-16,4507
2009-11-23,3974
2009-11-30,4107
2009-12-07,3579
2009-12-14,3258
2009-12-21,3005
2010-01-04,3140
2010-01-11,3299
2010-01-18,3204
2010-01-25,2848
2010-02-01,2715
2010-02-08,2571
2010-02-15,2714
2010-02-22,2738
2010-03-01,3242
2010-03-08,3506
2010-03-15,3379
2010-03-22,3098
2010-03-29,2991
2010-04-05,2913
2010-04-12,3009
2010-04-19,3013
2010-04-26,3354
2010-05-03,3608
2010-05-10,3929
2010-05-17,3844
2010-05-24,4078
2010-05-31,3844
2010-06-07,3288
2010-06-14,2694
2010-06-21,2501
2010-06-28,2280
2010-07-05,1902
2010-07-12,1720
2010-07-19,1826
2010-07-26,1967
2010-08-02,2030
2010-08-09,2468
2010-08-16,2756
2010-08-23,2712
2010-08-30,2876
2010-09-06,2995
2010-09-13,2676
2010-09-20,2444
2010-09-27,2452
2010-10-04,2696
2010-10-11,2762
2010-10-18,2727
2010-10-25,2678
2010-11-01,2495
2010-11-08,2313
2010-11-15,2155
2010-11-22,2170
2010-11-29,2168
2010-12-06,2095
2010-12-13,1999
2010-12-20,1773
2011-01-03,1519
2011-01-10,1439
2011-01-17,1370
2011-01-24,1137
2011-01-31,1043
2011-02-07,1178
2011-02-14,1301
2011-02-21,1245
2011-02-28,1346
2011-03-07,1562
2011-03-14,1531
2011-03-21,1585
2011-03-28,1520
2011-04-04,1376
2011-04-11,1296
2011-04-18,1254
2011-04-25,1269
2011-05-02,1340
2011-05-09,1306
2011-05-16,1349
2011-05-23,1474
2011-05-30,1489
2011-06-06,1418
2011-06-13,1423
2011-06-20,1424
2011-06-27,1422
2011-07-04,1449
2011-07-11,1353
2011-07-18,1323
2011-07-25,1264
2011-08-01,1268
2011-08-08,1287
2011-08-15,1462
2011-08-22,1541
2011-08-29,1740
2011-09-05,1838
2011-09-12,1814
2011-09-19,1920
2011-09-26,1899
2011-10-03,2000
2011-10-10,2173
2011-10-17,2153
2011-10-24,2018
2011-10-31,1784
2011-11-07,1835
2011-11-14,1895
2011-11-21,1807
2011-11-28,1866
2011-12-05,1922
2011-12-12,1888
2011-12-19,1738
2012-01-02,1347
2012-01-09,1053
2012-01-16,862
2012-01-23,726
2012-01-30,647
2012-02-06,715
2012-02-13,717
2012-02-20,718
2012-02-27,771
2012-03-05,824
2012-03-12,874
2012-03-19,908
2012-03-26,934
2012-04-02,928
2012-04-09,972
2012-04-16,1067
2012-04-23,1156
2012-04-30,1157
2012-05-07,1138
2012-05-14,1141
2012-05-21,1034
2012-05-28,904
2012-06-04,877
2012-06-11,924
2012-06-18,978
2012-06-25,1004
2012-07-02,1157
2012-07-09,1110
2012-07-16,1037
2012-07-23,933
2012-07-30,852
2012-08-06,774
2012-08-13,714
2012-08-20,717
2012-08-27,703
2012-09-03,669
2012-09-10,662
2012-09-17,774
2012-09-24,766
2012-10-01,875
2012-10-08,926
2012-10-15,1010
2012-10-22,1049
2012-10-29,986
2012-11-05,940
2012-11-12,1036
2012-11-19,1090
2012-11-26,1086
2012-12-03,966
2012-12-10,784
2012-12-17,700
2012-12-24,699
2012-12-31,706
2013-01-07,760
2013-01-14,837
2013-01-21,798
2013-01-28,750
2013-02-04,748
2013-02-11,753
2013-02-18,740
2013-02-25,776
2013-03-04,843
2013-03-11,892
2013-03-18,933
2013-03-25,910
2013-04-01,861
2013-04-08,875
2013-04-15,888
2013-04-22,871
2013-04-29,878
2013-05-06,884
2013-05-13,841
2013-05-20,826
2013-05-27,809
2013-06-03,812
2013-06-10,900
2013-06-17,1027
2013-06-24,1171
2013-07-01,1099
2013-07-08,1149
2013-07-15,1138
2013-07-22,1082
2013-07-29,1065
2013-08-05,1001
2013-08-12,1102
2013-08-19,1165
2013-08-26,1132
2013-09-02,1352
2013-09-09,1636
2013-09-16,1904
2013-09-23,2046
2013-09-30,2084
2013-10-07,1985
2013-10-14,1901
2013-10-21,1671
2013-10-28,1525
2013-11-04,1581
2013-11-11,1507
2013-11-18,1483
2013-11-25,1821
2013-12-02,2176
2013-12-09,2330
2013-12-16,2208
2013-12-23,2277
2013-12-30,2036
2014-01-06,1512
2014-01-13,1421
2014-01-20,1246
2014-01-27,1110
2014-02-03,1091
2014-02-10,1106
2014-02-17,1175
2014-02-24,1258
2014-03-03,1543
2014-03-10,1477
2014-03-17,1599
2014-03-24,1373
2014-03-31,1205
2014-04-07,1002
2014-04-14,930
2014-04-21,967
2014-04-28,1017
2014-05-05,997
2014-05-12,1027
2014-05-19,964
2014-05-26,934
2014-06-02,989
2014-06-09,906
2014-06-16,904
2014-06-23,831
2014-06-30,893
2014-07-07,814
2014-07-14,732
2014-07-21,739
2014-07-28,751
2014-08-04,777
2014-08-11,1015
2014-08-18,1088
2014-08-25,1147
2014-09-01,1155
2014-09-08,1181
2014-09-15,1075
2014-09-22,1049
2014-09-29,1037
2014-10-06,963
2014-10-13,944
2014-10-20,1192
2014-10-27,1428
2014-11-03,1437
2014-11-10,1256
2014-11-17,1324
2014-11-24,1153
2014-12-01,982
2014-12-08,863
2014-12-15,803
2014-12-22,782
2014-12-29,771
2015-01-05,709
2015-01-12,741
2015-01-19,720
2015-01-26,608
2015-02-02,559
2015-02-09,530
2015-02-16,509
2015-02-23,540
2015-03-02,565
2015-03-09,562
2015-03-16,591
2015-03-23,596
2015-03-30,588
2015-04-06,580
2015-04-13,597
2015-04-20,600
2015-04-27,587
2015-05-04,574
2015-05-11,634
2015-05-18,586
2015-05-25,589
2015-06-01,610
2015-06-08,642
2015-06-15,779
2015-06-22,823
2015-06-29,805
2015-07-06,874
2015-07-13,1048
2015-07-20,1086
2015-07-27,1131
2015-08-03,1200
2015-08-10,1055
2015-08-17,994
2015-08-24,903
2015-08-31,875
2015-09-07,818
2015-09-14,960
2015-09-21,943
2015-09-28,889
2015-10-05,809
2015-10-12,754
2015-10-19,774
2015-10-26,721
2015-11-02,631
2015-11-09,560
2015-11-16,498
2015-11-23,581
2015-11-30,563
2015-12-07,522
2015-12-14,477
2015-12-21,478
2016-01-04,429
2016-01-11,373
2016-01-18,354
2016-01-25,317
2016-02-01,297
2016-02-08,291
2016-02-15,315
2016-02-22,327
2016-02-29,349
2016-03-07,388
2016-03-14,395
2016-03-21,406
2016-03-28,450
2016-04-04,539
2016-04-11,635
2016-04-18,688
2016-04-25,703
2016-05-02,631
2016-05-09,600
2016-05-16,625
2016-05-23,606
2016-05-30,610
2016-06-06,610
2016-06-13,587
2016-06-20,609
2016-06-27,677
2016-07-04,703
2016-07-11,745
2016-07-18,718
2016-07-25,656
2016-08-01,636
2016-08-08,671
2016-08-15,683
2016-08-22,720
2016-08-29,720
2016-09-05,804
2016-09-12,800
2016-09-19,941
2016-09-26,875
2016-10-03,921
2016-10-10,892
2016-10-17,842
2016-10-24,834
2016-10-31,855
2016-11-07,1045
2016-11-14,1257
2016-11-21,1181
2016-11-28,1198
2016-12-05,1090
2016-12-12,946
2016-12-19,961
2017-01-02,963
2017-01-09,910
2017-01-16,925
2017-01-23,827
2017-01-30,752
2017-02-06,702
2017-02-13,741
2017-02-20,875
2017-02-27,939
2017-03-06,1086
2017-03-13,1196
2017-03-20,1240
2017-03-27,1297
2017-04-03,1223
2017-04-10,1296
2017-04-17,1195
2017-04-24,1109
2017-05-01,994
2017-05-08,1014
2017-05-15,956
2017-05-22,912
2017-05-29,830
2017-06-05,849
2017-06-12,851
2017-06-19,870
2017-06-26,901
2017-07-03,822
2017-07-10,900
2017-07-17,977
2017-07-24,933
2017-07-31,1032
2017-08-07,1138
2017-08-14,1260
2017-08-21,1209
2017-08-28,1183
2017-09-04,1332
2017-09-11,1385
2017-09-18,1502
2017-09-25,1356
2017-10-02,1405
2017-10-09,1485
2017-10-16,1578
2017-10-23,1546
2017-10-30,1476
2017-11-06,1464
2017-11-13,1371
2017-11-20,1458
2017-11-27,1626
2017-12-04,1702
2017-12-11,1619
2017-12-18,1366
2018-01-01,1371
2018-01-08,1279
2018-01-15,1125
2018-01-22,1219
2018-01-29,1095
2018-02-05,1125
2018-02-12,1084
2018-02-19,1185
2018-02-26,1207
2018-03-05,1201
2018-03-12,1143
2018-03-19,1122
2018-03-26,1055
2018-04-02,948
2018-04-09,1014
2018-04-16,1281
2018-04-23,1361
2018-04-30,1384
2018-05-07,1472
2018-05-14,1273
2018-05-21,1077
2018-05-28,1156
2018-06-04,1391
2018-06-11,1445
2018-06-18,1341
2018-06-25,1385
2018-07-02,1622
2018-07-09,1666
2018-07-16,1689
2018-07-23,1676
2018-07-30,1773
2018-08-06,1691
2018-08-13,1723
2018-08-20,1697
2018-08-27,1579
2018-09-03,1490
2018-09-10,1366
2018-09-17,1413
2018-09-24,1540
2018-10-01,1536
2018-10-08,1579
2018-10-15,1576
2018-10-22,1519
2018-10-29,1457
2018-11-05,1147
2018-11-12,1031
2018-11-19,1093
2018-11-26,1231
2018-12-03,1372
2018-12-10,1401
2018-12-17,1279
2018-12-24,1271
2018-12-31,1260
2019-01-07,1169
2019-01-14,1112
2019-01-21,905
2019-01-28,645
2019-02-04,601
2019-02-11,639
2019-02-18,634
2019-02-25,664
2019-03-04,649
2019-03-11,730
2019-03-18,690
2019-03-25,689
2019-04-01,711
2019-04-08,726
2019-04-15,790
2019-04-22,889
2019-04-29,985
2019-05-06,1013
2019-05-13,1040
2019-05-20,1066
2019-05-27,1096
2019-06-03,1138
2019-06-10,1085
2019-06-17,1239
2019-06-24,1354
2019-07-01,1740
2019-07-08,1865
2019-07-15,2170
2019-07-22,1937
2019-07-29,1788
2019-08-05,1748
2019-08-12,2088
2019-08-19,2168
2019-08-26,2378
2019-09-02,2462
2019-09-09,2312
2019-09-16,2131
2019-09-23,1857
2019-09-30,1767
2019-10-07,1924
2019-10-14,1855
2019-10-21,1801
2019-10-28,1697
2019-11-04,1378
2019-11-11,1357
2019-11-18,1284
2019-11-25,1528
2019-12-02,1558
2019-12-09,1355
2019-12-16,1123
2019-12-23,1090
2019-12-30,907
2020-01-06,774
2020-01-13,754
2020-01-20,557
2020-01-27,487
2020-02-03,415
2020-02-10,425
2020-02-17,497
2020-02-24,535
2020-03-02,617
2020-03-09,631
2020-03-16,625
2020-03-23,556
2020-03-30,616
2020-04-06,635
2020-04-13,751
2020-04-20,665
2020-04-27,617
2020-05-04,514
2020-05-11,407
2020-05-18,498
2020-05-25,504
2020-06-01,679
2020-06-08,923
2020-06-15,1555
2020-06-22,1749
2020-06-29,1894
2020-07-06,1810
2020-07-13,1710
2020-07-20,1317
2020-07-27,1350
2020-08-03,1501
2020-08-10,1595
2020-08-17,1481
2020-08-24,1488
2020-08-31,1362
2020-09-07,1267
2020-09-14,1296
2020-09-21,1667
2020-09-28,2020
2020-10-05,1892
2020-10-12,1477
2020-10-19,1415
2020-10-26,1283
2020-11-02,1196
2020-11-09,1124
2020-11-16,1148
2020-11-23,1230
2020-11-30,1197
2020-12-07,1211
2020-12-14,1325
2020-12-21,1366
2021-01-04,1606
2021-01-11,1754
2021-01-18,1810
2021-01-25,1452
2021-02-01,1333
2021-02-08,1339
2021-02-15,1698
2021-02-22,1675
2021-03-01,1829
2021-03-08,1960
2021-03-15,2281
2021-03-22,2178
2021-03-29,2072
2021-04-05,2085
2021-04-12,2385
2021-04-19,2788
2021-04-26,3053
2021-05-03,3183
2021-05-10,2939
2021-05-17,2869
2021-05-24,2596
2021-05-31,2438
2021-06-07,2857
2021-06-14,3218
2021-06-21,3255
2021-06-28,3285
2021-07-05,3300
2021-07-12,3039
2021-07-19,3199
2021-07-26,3292
2021-08-02,3371
2021-08-09,3566
2021-08-16,4092
2021-08-23,4235
2021-08-30,3944
2021-09-06,3864
2021-09-13,4275
2021-09-20,4644
2021-09-27,5202
2021-10-04,5526
2021-10-11,4854
2021-10-18,4410
2021-10-25,3519
2021-11-01,2715
2021-11-08,2807
2021-11-15,2552
2021-11-22,2767
2021-11-29,3171
2021-12-06,3272
2021-12-13,2379
2021-12-20,2217
2022-01-03,2289
2022-01-10,1764
2022-01-17,1415
2022-01-24,1381
2022-01-31,1423
2022-02-07,1977
2022-02-14,1964
2022-02-21,2076
2022-02-28,2148
2022-03-07,2718
2022-03-14,2605
2022-03-21,2544
2022-03-28,2357
2022-04-04,2055
2022-04-11,2137
2022-04-18,2307
2022-04-25,2404
2022-05-02,2718
2022-05-09,3104
2022-05-16,3344
2022-05-23,2681
2022-05-30,2633
2022-06-06,2320
2022-06-13,2578
2022-06-20,2331
2022-06-27,2214
2022-07-04,2067
2022-07-11,2150
2022-07-18,2146
2022-07-25,1895
2022-08-01,1560
2022-08-08,1477
2022-08-15,1279
2022-08-22,1082
2022-08-29,1086
2022-09-05,1213
2022-09-12,1553
2022-09-19,1816
2022-09-26,1760
2022-10-03,1961
2022-10-10,1838
2022-10-17,1819
2022-10-24,1534
2022-10-31,1323
2022-11-07,1355
2022-11-14,1189
2022-11-21,1324
2022-11-28,1324
2022-12-05,1386
2022-12-12,1560
2022-12-19,1515
2023-01-02,1130
2023-01-09,946
2023-01-16,763
2023-01-23,676
2023-01-30,621
2023-02-06,602
2023-02-13,538
2023-02-20,883
2023-02-27,1211
2023-03-06,1424
2023-03-13,1535
2023-03-20,1489
2023-03-27,1389
2023-04-03,1560
2023-04-10,1435
2023-04-17,1504
2023-04-24,1576
2023-05-01,1558
2023-05-08,1558
2023-05-15,1384
2023-05-22,1172
2023-05-29,919
2023-06-05,1055
2023-06-12,1076
2023-06-19,1240
2023-06-26,1091
2023-07-03,1009
2023-07-10,1090
2023-07-17,978
2023-07-24,1110
2023-07-31,1136
2023-08-07,1129
2023-08-14,1237
2023-08-21,1080
2023-08-28,1065
2023-09-04,1186
2023-09-11,1381
2023-09-18,1593
2023-09-25,1701
2023-10-02,1929
2023-10-09,1945
2023-10-16,2046
2023-10-23,1563
2023-10-30,1462
2023-11-06,1643
2023-11-13,1820
2023-11-20,2102
2023-11-27,3192
2023-12-04,2483
2023-12-11,2348
2023-12-18,2094
2024-01-01,2110
2024-01-08,1460
2024-01-15,1503
2024-01-22,1518
2024-01-29,1407
2024-02-05,1545
2024-02-12,1610
2024-02-19,1866
2024-02-26,2203
2024-03-04,2345
2024-03-11,2370
2024-03-18,2196
2024-03-25,1821
2024-04-01,1628
2024-04-08,1729
2024-04-15,1919
2024-04-22,1721
2024-04-29,1876
2024-05-06,2129
2024-05-13,1844
2024-05-20,1797
2024-05-27,1815
2024-06-03,1881
2024-06-10,1948
2024-06-17,1997
2024-06-24,2050
2024-07-01,1966
2024-07-08,1997
2024-07-15,1902
2024-07-22,1808
2024-07-29,1675
2024-08-05,1670
2024-08-12,1691
2024-08-19,1762
2024-08-26,1814
2024-09-02,1941
2024-09-09,1890
2024-09-16,1977
2024-09-23,2110
2024-09-30,1928
2024-10-07,1809
2024-10-14,1576
2024-10-21,1410
2024-10-28,1378
2024-11-04,1495
2024-11-11,1785
2024-11-18,1537
2024-11-25,1354
2024-12-02,1167
2024-12-09,1051
2024-12-16,990
2024-12-23,997
2024-12-30,1072
2025-01-06,1048
2025-01-13,987
2025-01-20,778
2025-01-27,735
2025-02-03,815
2025-02-10,792
2025-02-17,981
2025-02-24,1229
2025-03-03,1400
2025-03-10,1669
2025-03-17,1643
2025-03-24,1602
2025-03-31,1489
2025-04-07,1274
2025-04-14,1261
2025-04-21,1373
2025-04-28,1421
2025-05-05,1299
2025-05-12,1388
2025-05-19,1340
2025-05-26,1418
2025-06-02,1633
2025-06-09,1968
2025-06-16,1689
2025-06-23,1521
2025-06-30,1436
2025-07-07,1663
2025-07-14,2052
2025-07-21,2257
2025-07-28,2018
2025-08-04,2051
2025-08-11,2044
2025-08-18,1944
2025-08-25,2025
2025-09-01,1979
2025-09-08,2126
2025-09-15,2203
2025-09-22,2259
2025-09-29,1901
2025-10-06,1936
2025-10-13,2069
2025-10-20,1991
2025-10-27,1966
2025-11-03,2104
2025-11-10,2125
2025-11-17,2275
2025-11-24,2560
2025-12-01,2727
2025-12-08,2205
2025-12-15,2023
2025-12-22,1877
2025-12-29,1882
2026-01-05,1688
2026-01-12,1567
2026-01-19,1762
2026-01-26,2148
2026-02-02,1923
2026-02-09,2083
2026-02-16,2043
2026-02-23,2140
2026-03-02,2010
2026-03-09,2028
2026-03-16,2056
2026-03-23,2031
2026-03-30,2066
2026-04-06,2201
2026-04-13,2567
2026-04-20,2665
2026-04-27,2730
2026-05-04,2978
2026-05-11,3151
2026-05-18,2991
2026-05-25,3224
2026-06-01,2981
2026-06-08,2818
2026-06-15,2722
2026-06-22,2524
2026-06-29,2717
2026-07-06,2944
2026-07-13,2752
2026-07-20,2743
2026-07-27,2732
2026-08-03,3089
2026-08-10,2863
2026-08-17,2841
2026-08-24,3186
2026-08-31,3628
2026-09-07,3507
2026-09-14,3370
